{"cameraMode":{"drawMode":0,"name":"Shaded","section":"Shading Mode"},"sceneLighting":true,"audioPlay":false,"sceneViewState":{"showFog":true,"showMaterialUpdate":false,"showSkybox":true,"showFlares":true,"showImageEffects":true,"showParticleSystems":true},"in2DMode":false,"pivot":{"x":7.948765754699707,"y":-4.311580181121826,"z":36.206756591796878},"rotation":{"x":0.07294469326734543,"y":0.11493295431137085,"z":-0.008463213220238686,"w":0.9906567931175232},"size":41.31393051147461,"orthographic":false}